{
  "project_info": {
    "project_number": "1075016232178",
    "firebase_url": "https://chatapp-770a9-default-rtdb.firebaseio.com",
    "project_id": "chatapp-770a9",
    "storage_bucket": "chatapp-770a9.appspot.com"
  },
  "client": [
    {
      "client_info": {
        "mobilesdk_app_id": "1:1075016232178:android:15d7ae7c169e96349d346b",
        "android_client_info": {
          "package_name": "com.saharsh.chatapp"
        }
      },
      "oauth_client": [
        {
          "client_id": "1075016232178-bherdlub9guual3m9mnf8u719iojutal.apps.googleusercontent.com",
          "client_type": 3
        }
      ],
      "api_key": [
        {
          "current_key": "AIzaSyAyC1Qi_vh7ah4MNsSDCS5w2ED6fvAImtI"
        }
      ],
      "services": {
        "appinvite_service": {
          "other_platform_oauth_client": [
            {
              "client_id": "1075016232178-bherdlub9guual3m9mnf8u719iojutal.apps.googleusercontent.com",
              "client_type": 3
            }
          ]
        }
      }
    }
  ],
  "configuration_version": "1"
}